Pollutant:,CO2,Unit: grams of CO2,Unnamed: 3,Unnamed: 4,Unnamed: 5,Unnamed: 6,Unnamed: 7,Unnamed: 8,Unnamed: 9,Unnamed: 10,Unnamed: 11,Unnamed: 12,Unnamed: 13,Unnamed: 14,Unnamed: 15,Unnamed: 16,Unnamed: 17,Unnamed: 18,Unnamed: 19,Unnamed: 20,Unnamed: 21,Unnamed: 22,Unnamed: 23,Unnamed: 24,Unnamed: 25,Unnamed: 26,Unnamed: 27,Unnamed: 28,Unnamed: 29,Unnamed: 30,Unnamed: 31,Unnamed: 32,Unnamed: 33,Unnamed: 34,Unnamed: 35,Unnamed: 36
,2015.0,2016.0,2017.0,2018.0,2019.0,2020.0,2021.0,2022.0,2023.0,2024.0,2025.0,2026.0,2027.0,2028.0,2029.0,2030.0,2031.0,2032.0,2033.0,2034.0,2035.0,2036.0,2037.0,2038.0,2039.0,2040.0,2041.0,2042.0,2043.0,2044.0,2045.0,2046.0,2047.0,2048.0,2049.0,2050.0
agriculture and forestry 01T03,7632620155163.04,7126991918438.129,7349151963570.209,6648564149169.541,6960154241645.244,7180000182797.844,7254502119794.397,7327285993063.05,7398419422652.127,7468003208633.678,7536108462308.518,7602744633683.403,7667878332734.475,7731485514444.543,7793525937534.852,7853964400730.232,7912786991520.75,7969978878645.809,8025498770825.887,8079298420526.511,8131335617717.507,8181584558630.4375,8230025897001.474,8276633487811.931,8321382498544.061,8364249802931.332,8405229363469.432,8444307110148.307,8481447894192.835,8516610424323.504,8549771416773.675,8580929585292.424,8610111048648.421,8637355496870.038,8662718474996.962,8686253848067.699
coal mining 05,526969108019.6398,471049410937.2252,538480184847.67346,558493201301.2054,572872340425.5319,476418515165.23315,497604475551.7553,496702464135.96594,495874124001.66364,495110783676.2229,494405081207.9878,493750725963.0602,493142310592.0097,492575161257.08826,492045217334.87756,491548934042.0098,491083203044.4838,490645287291.5828,490232767187.19147,489843495862.01385,489475561800.9735,489127257452.0846,488797052729.18115,488483572540.6885,488185577648.6315,487901948295.7179,487631670144.7061,487373822157.6009,487127566109.69946,486892137486.6616,486666837556.5858,486451026443.65674,486244117058.994,486045569767.234,485854887687.04486,485671612539.2064
oil and gas extraction 06,0.0,0.0,0.0,0.0,0.0,0.0,0.0,0.0,0.0,0.0,0.0,0.0,0.0,0.0,0.0,0.0,0.0,0.0,0.0,0.0,0.0,0.0,0.0,0.0,0.0,0.0,0.0,0.0,0.0,0.0,0.0,0.0,0.0,0.0,0.0,0.0
other mining and quarrying 07T08,0.0,0.0,0.0,0.0,0.0,0.0,0.0,0.0,0.0,0.0,0.0,0.0,0.0,0.0,0.0,0.0,0.0,0.0,0.0,0.0,0.0,0.0,0.0,0.0,0.0,0.0,0.0,0.0,0.0,0.0,0.0,0.0,0.0,0.0,0.0,0.0
food beverage and tobacco 10T12,0.0,0.0,0.0,0.0,0.0,0.0,0.0,0.0,0.0,0.0,0.0,0.0,0.0,0.0,0.0,0.0,0.0,0.0,0.0,0.0,0.0,0.0,0.0,0.0,0.0,0.0,0.0,0.0,0.0,0.0,0.0,0.0,0.0,0.0,0.0,0.0
textiles apparel and leather 13T15,0.0,0.0,0.0,0.0,0.0,0.0,0.0,0.0,0.0,0.0,0.0,0.0,0.0,0.0,0.0,0.0,0.0,0.0,0.0,0.0,0.0,0.0,0.0,0.0,0.0,0.0,0.0,0.0,0.0,0.0,0.0,0.0,0.0,0.0,0.0,0.0
wood products 16,0.0,0.0,0.0,0.0,0.0,0.0,0.0,0.0,0.0,0.0,0.0,0.0,0.0,0.0,0.0,0.0,0.0,0.0,0.0,0.0,0.0,0.0,0.0,0.0,0.0,0.0,0.0,0.0,0.0,0.0,0.0,0.0,0.0,0.0,0.0,0.0
pulp paper and printing 17T18,0.0,0.0,0.0,0.0,0.0,0.0,0.0,0.0,0.0,0.0,0.0,0.0,0.0,0.0,0.0,0.0,0.0,0.0,0.0,0.0,0.0,0.0,0.0,0.0,0.0,0.0,0.0,0.0,0.0,0.0,0.0,0.0,0.0,0.0,0.0,0.0
refined petroleum and coke 19,323293609671.848,197562848850.18976,148587644619.07883,95953589243.11429,220000000000.0,178595026237.73663,170741746123.80148,177645894355.96997,181963793254.87012,185859323559.77667,191860230617.4755,194710590425.29565,194450633524.78003,193560554445.194,191815477738.8547,190871878507.27167,187680297601.61816,184528611022.06454,183234251913.00546,181661645988.13382,181182735547.9401,180268070626.92233,177846859387.893,175564528005.7606,174447052790.35977,173767216804.2731,172092872565.94772,170736846166.6501,169289229141.54065,166920565326.47903,167891399581.52383,167945695257.39496,167075071695.72095,166116495133.90332,165157918572.0857,164199342010.26807
chemicals 20,29358023569466.14,27188689749340.887,29237619954168.31,31702527294746.2,10400000000.0,10400000000.0,10867087666.086805,10847011368.323132,10828589781.341702,10811626427.444136,10795954750.577974,10781432629.27167,10767938054.322529,10755365692.637865,10743624132.275076,10732633656.172264,10722324429.866623,10712635016.086071,10703511149.443087,10694904719.594967,10686772922.639227,10679077549.138447,10671784383.780788,10664862696.77776,10658284811.047981,10652025732.331211,10646062831.813103,10640375572.762007,10634945274.21798,10629754906.00685,10624788910.33715,10620033046.043095,10615474252.191692,10611100528.300175,10606900828.85055,10602864970.151508
rubber and plastic products 22,0.0,0.0,0.0,0.0,0.0,0.0,0.0,0.0,0.0,0.0,0.0,0.0,0.0,0.0,0.0,0.0,0.0,0.0,0.0,0.0,0.0,0.0,0.0,0.0,0.0,0.0,0.0,0.0,0.0,0.0,0.0,0.0,0.0,0.0,0.0,0.0
glass and glass products 231,0.0,0.0,0.0,0.0,0.0,0.0,0.0,0.0,0.0,0.0,0.0,0.0,0.0,0.0,0.0,0.0,0.0,0.0,0.0,0.0,0.0,0.0,0.0,0.0,0.0,0.0,0.0,0.0,0.0,0.0,0.0,0.0,0.0,0.0,0.0,0.0
cement and other nonmetallic minerals 239,38248681430315.3,36949344858224.73,37125903850357.14,35130141600108.65,20234000000000.0,20234000000000.0,20234000000000.0,20234000000000.0,20234000000000.0,20234000000000.0,20234000000000.0,20234000000000.0,20234000000000.0,20234000000000.0,20234000000000.0,20234000000000.0,20234000000000.0,20234000000000.0,20234000000000.0,20234000000000.0,20234000000000.0,20234000000000.0,20234000000000.0,20234000000000.0,20234000000000.0,20234000000000.0,20234000000000.0,20234000000000.0,20234000000000.0,20234000000000.0,20234000000000.0,20234000000000.0,20234000000000.0,20234000000000.0,20234000000000.0,20234000000000.0
iron and steel 241,8536202676573.439,8014092592358.123,7587753551790.594,8096031341707.727,7764827586206.896,6840287135015.246,7893891227954.333,8041080728108.003,8050903215443.766,7966850414516.88,8020603319701.656,7970606825694.106,7862575122267.281,7743787140927.197,7650213432285.514,7581547155272.702,7483809917181.173,7417430607342.688,7317890812951.851,7246574301660.472,7209107982013.804,7175935671740.465,7128282648353.3545,7070597655819.728,6968928027800.594,6872118447208.176,6860156923819.402,6892428670855.26,6936191098375.339,6885938087147.743,6831871893878.286,6871480601219.768,6864709345674.547,6713465605560.21,6603226244070.427,6634884709367.952
other metals 242,0.0,0.0,0.0,0.0,0.0,0.0,0.0,0.0,0.0,0.0,0.0,0.0,0.0,0.0,0.0,0.0,0.0,0.0,0.0,0.0,0.0,0.0,0.0,0.0,0.0,0.0,0.0,0.0,0.0,0.0,0.0,0.0,0.0,0.0,0.0,0.0
metal products except machinery and vehicles 25,0.0,0.0,0.0,0.0,0.0,0.0,0.0,0.0,0.0,0.0,0.0,0.0,0.0,0.0,0.0,0.0,0.0,0.0,0.0,0.0,0.0,0.0,0.0,0.0,0.0,0.0,0.0,0.0,0.0,0.0,0.0,0.0,0.0,0.0,0.0,0.0
computers and electronics 26,0.0,0.0,0.0,0.0,0.0,0.0,0.0,0.0,0.0,0.0,0.0,0.0,0.0,0.0,0.0,0.0,0.0,0.0,0.0,0.0,0.0,0.0,0.0,0.0,0.0,0.0,0.0,0.0,0.0,0.0,0.0,0.0,0.0,0.0,0.0,0.0
appliances and electrical equipment 27,0.0,0.0,0.0,0.0,0.0,0.0,0.0,0.0,0.0,0.0,0.0,0.0,0.0,0.0,0.0,0.0,0.0,0.0,0.0,0.0,0.0,0.0,0.0,0.0,0.0,0.0,0.0,0.0,0.0,0.0,0.0,0.0,0.0,0.0,0.0,0.0
other machinery 28,0.0,0.0,0.0,0.0,0.0,0.0,0.0,0.0,0.0,0.0,0.0,0.0,0.0,0.0,0.0,0.0,0.0,0.0,0.0,0.0,0.0,0.0,0.0,0.0,0.0,0.0,0.0,0.0,0.0,0.0,0.0,0.0,0.0,0.0,0.0,0.0
road vehicles 29,0.0,0.0,0.0,0.0,0.0,0.0,0.0,0.0,0.0,0.0,0.0,0.0,0.0,0.0,0.0,0.0,0.0,0.0,0.0,0.0,0.0,0.0,0.0,0.0,0.0,0.0,0.0,0.0,0.0,0.0,0.0,0.0,0.0,0.0,0.0,0.0
nonroad vehicles 30,0.0,0.0,0.0,0.0,0.0,0.0,0.0,0.0,0.0,0.0,0.0,0.0,0.0,0.0,0.0,0.0,0.0,0.0,0.0,0.0,0.0,0.0,0.0,0.0,0.0,0.0,0.0,0.0,0.0,0.0,0.0,0.0,0.0,0.0,0.0,0.0
other manufacturing 31T33,0.0,0.0,0.0,0.0,0.0,0.0,0.0,0.0,0.0,0.0,0.0,0.0,0.0,0.0,0.0,0.0,0.0,0.0,0.0,0.0,0.0,0.0,0.0,0.0,0.0,0.0,0.0,0.0,0.0,0.0,0.0,0.0,0.0,0.0,0.0,0.0
energy pipelines and gas processing 352T353,1450434037465.1255,1563658405894.1729,1625691904689.9404,1615114859116.16,1884639053254.4375,1988345706312.8518,1925825049697.363,1866171672212.931,1850173034713.3167,1839255997066.8804,1822169948131.0566,1818306066254.318,1806209469460.3586,1791971302270.2136,1772734523111.7852,1757112903202.7744,1738518616434.0667,1726063549967.581,1725847383726.2554,1719124722544.1335,1711301653518.093,1709430787318.4607,1712940064766.0168,1714311136956.9905,1714706816237.5474,1714186277130.965,1714690872365.4807,1715680179098.7646,1715818380522.999,1710902984156.346,1710203350376.4204,1713378486463.867,1727034261752.7993,1725936112475.625,1724837963198.4507,1723739813921.2764
water and waste 36T39,0.0,0.0,0.0,0.0,0.0,0.0,0.0,0.0,0.0,0.0,0.0,0.0,0.0,0.0,0.0,0.0,0.0,0.0,0.0,0.0,0.0,0.0,0.0,0.0,0.0,0.0,0.0,0.0,0.0,0.0,0.0,0.0,0.0,0.0,0.0,0.0
construction 41T43,0.0,0.0,0.0,0.0,0.0,0.0,0.0,0.0,0.0,0.0,0.0,0.0,0.0,0.0,0.0,0.0,0.0,0.0,0.0,0.0,0.0,0.0,0.0,0.0,0.0,0.0,0.0,0.0,0.0,0.0,0.0,0.0,0.0,0.0,0.0,0.0
