Pollutant:,PM10,Unit: grams of PM10,Unnamed: 3,Unnamed: 4,Unnamed: 5,Unnamed: 6,Unnamed: 7,Unnamed: 8,Unnamed: 9,Unnamed: 10,Unnamed: 11,Unnamed: 12,Unnamed: 13,Unnamed: 14,Unnamed: 15,Unnamed: 16,Unnamed: 17,Unnamed: 18,Unnamed: 19,Unnamed: 20,Unnamed: 21,Unnamed: 22,Unnamed: 23,Unnamed: 24,Unnamed: 25,Unnamed: 26,Unnamed: 27,Unnamed: 28,Unnamed: 29,Unnamed: 30,Unnamed: 31,Unnamed: 32,Unnamed: 33,Unnamed: 34,Unnamed: 35,Unnamed: 36
,2015,2016,2017,2018,2019,2020.0,2021.0,2022.0,2023.0,2024.0,2025.0,2026.0,2027.0,2028.0,2029.0,2030.0,2031.0,2032.0,2033.0,2034.0,2035.0,2036.0,2037.0,2038.0,2039.0,2040.0,2041.0,2042.0,2043.0,2044.0,2045.0,2046.0,2047.0,2048.0,2049.0,2050.0
agriculture and forestry 01T03,0,0,0,0,0,22113608849.98161,23252513782.982563,23697748650.637283,23950176082.659676,24211513445.528217,24481582861.620567,24698055190.708534,24909646631.885086,25116279073.206413,25317821788.024258,25514160422.499474,25705249780.856735,25891041682.694042,26071401990.36118,26246173968.32028,26415220494.29446,26578457742.911728,26735822866.461853,26887230930.99722,27032601266.32259,27171858745.12085,27304983754.131,27431930585.927433,27552585057.221107,27666813030.361835,27774538866.38221,27875758386.804886,27970556440.302425,28059061962.74714,28141455396.140163,28217911724.87961
coal mining 05,0,0,0,0,0,440373155024.259,470608678117.7101,472804824519.842,499774032960.8512,453161907867.2127,453333055379.3564,456942421412.84045,445950855883.20636,446397320547.42975,444211139499.02795,437849036915.05676,436254576116.7901,430962263992.08997,427861782950.68726,414198651280.27185,403307307027.76056,396024174488.73114,388245530045.1157,389426581966.1169,386837350468.1882,383053622512.55444,382002846909.5232,381334642592.3713,375224839404.2186,372675002086.75104,365514428205.29736,362572404700.7843,358364665830.89264,355644459704.9083,354201300586.8386,357181109651.0719
oil and gas extraction 06,0,0,0,0,0,14668528974.634964,14998884221.384367,15478038981.457344,15730802884.598654,15955645678.372353,16143257030.92342,16159759084.699003,16157069449.40539,16399470323.49009,16517456851.430008,16564227397.839748,16677083312.803284,16796774273.945906,16907531705.182594,16865972942.034786,16834976255.771921,16835290306.398628,16894630432.432209,16991183428.70525,17101736170.227047,17218636287.479042,17278493679.597797,17361925241.178432,17498161588.816887,17627051504.625507,17723323690.963947,17825313721.135643,17938293644.637432,18020410100.8784,18093445423.73015,18238383861.18264
other mining and quarrying 07T08,0,0,0,0,0,0.0,0.0,0.0,0.0,0.0,0.0,0.0,0.0,0.0,0.0,0.0,0.0,0.0,0.0,0.0,0.0,0.0,0.0,0.0,0.0,0.0,0.0,0.0,0.0,0.0,0.0,0.0,0.0,0.0,0.0,0.0
food beverage and tobacco 10T12,0,0,0,0,0,0.0,0.0,0.0,0.0,0.0,0.0,0.0,0.0,0.0,0.0,0.0,0.0,0.0,0.0,0.0,0.0,0.0,0.0,0.0,0.0,0.0,0.0,0.0,0.0,0.0,0.0,0.0,0.0,0.0,0.0,0.0
textiles apparel and leather 13T15,0,0,0,0,0,0.0,0.0,0.0,0.0,0.0,0.0,0.0,0.0,0.0,0.0,0.0,0.0,0.0,0.0,0.0,0.0,0.0,0.0,0.0,0.0,0.0,0.0,0.0,0.0,0.0,0.0,0.0,0.0,0.0,0.0,0.0
wood products 16,0,0,0,0,0,0.0,0.0,0.0,0.0,0.0,0.0,0.0,0.0,0.0,0.0,0.0,0.0,0.0,0.0,0.0,0.0,0.0,0.0,0.0,0.0,0.0,0.0,0.0,0.0,0.0,0.0,0.0,0.0,0.0,0.0,0.0
pulp paper and printing 17T18,0,0,0,0,0,37843619195.52237,39319592741.61262,40300155554.610985,40063702777.99804,40197893995.546974,39982306060.70048,39594358929.34161,39220593321.03243,38898883179.15733,38569258853.74774,38212497223.75399,37832058366.74247,37507003672.66569,37125315501.90102,36720711598.93718,36391686404.60029,36064269299.998276,35723167602.39442,35412289124.3794,35147675449.65182,34829823148.17506,34520651023.71625,34276391338.026787,34036246465.75934,33638122783.682716,33338871876.76682,33192166128.241127,33047917718.816895,32966315056.72977,32549529658.489693,32394122094.499226
refined petroleum and coke 19,0,0,0,0,0,17324201583.115486,18582526711.910786,20003792400.683926,20933074406.48451,21955327507.67809,23003615168.703453,23330626920.06247,23252163134.07792,23526470908.43599,23477959773.907135,23403977870.396946,23166075036.81374,22940271347.228367,22927736880.788067,22630150811.6123,22488240982.688442,22344748483.508205,22110604932.39366,21951849711.141857,21959387662.90861,22031522530.30667,21888195700.396034,21821448609.13802,21822795112.56327,21691287198.843388,21944147852.54454,22087758435.140343,22115700143.65335,22016880186.776585,21767119663.343777,22318008758.41931
chemicals 20,0,0,0,0,0,29508637126.561764,30122287809.051815,29647812546.881947,29539375458.1451,30217613945.815205,31044642474.252796,31387332978.894367,31686045230.83101,32025527595.006668,32436064926.7432,32902983137.668484,33371999825.046406,33966394994.47215,34441067721.71714,34986169191.30875,35542895643.688324,36080484260.52512,36583745764.47747,37055644462.40132,37473178062.57169,37852183458.68565,38375774297.820885,38928370321.00426,39468076584.29837,39595195213.58107,39760196465.982475,40410620626.683914,40755522808.680145,40671415316.71663,40907223257.08734,41614683591.02857
rubber and plastic products 22,0,0,0,0,0,0.0,0.0,0.0,0.0,0.0,0.0,0.0,0.0,0.0,0.0,0.0,0.0,0.0,0.0,0.0,0.0,0.0,0.0,0.0,0.0,0.0,0.0,0.0,0.0,0.0,0.0,0.0,0.0,0.0,0.0,0.0
glass and glass products 231,0,0,0,0,0,0.0,0.0,0.0,0.0,0.0,0.0,0.0,0.0,0.0,0.0,0.0,0.0,0.0,0.0,0.0,0.0,0.0,0.0,0.0,0.0,0.0,0.0,0.0,0.0,0.0,0.0,0.0,0.0,0.0,0.0,0.0
cement and other nonmetallic minerals 239,0,0,0,0,0,11494611282.55609,11064107614.806168,11905238332.971693,12044567406.457594,12372626491.919563,12660544852.19404,12745326592.190557,12787569604.434013,12843774572.263138,12938218535.409067,13117161618.307907,13312387090.203642,13467841382.644999,13616874045.213678,13772753068.490011,13956875322.178883,14091957282.222763,14206773749.657227,14315291288.643488,14420413463.676079,14585124156.316364,14770082971.649776,14914139218.786049,14981504394.660652,15076508805.500423,15176699994.453243,15274684364.484755,15381536784.487288,15393439301.617317,15400553645.087801,15449454546.052376
iron and steel 241,0,0,0,0,0,30474774858.89891,31215827095.28698,35395549647.59265,34552768580.30767,36817080034.68935,39639972275.53596,39456978977.22853,38985789998.05791,38458707346.014656,38053507398.41573,37769283958.18761,37338849852.57338,37061846555.04192,36618033408.68463,36312547366.87449,36174058048.13217,36055662262.693924,35863600480.06797,35619907352.937164,35154258036.82022,34711013754.234085,34692165685.91734,34894940353.057,35155235549.79876,34941400919.639915,34707093292.670944,34944766202.60921,34947670940.01347,34218518105.6504,33694986022.019073,33889521421.534134
other metals 242,0,0,0,0,0,11660925031.785173,14257762212.167788,16059820351.17055,16037789507.634348,16228517136.503574,16551224209.656506,16779805192.390007,16971814416.90866,17140281468.71325,17296451174.20595,17441088797.57374,17560609765.141148,17627042086.675888,17695481238.912582,17766589759.58065,17815716534.90267,17766900595.575417,17720297139.35403,17784535240.30582,17764497228.39167,17665447295.568607,17752584620.072598,17922877681.311672,18055970930.779156,18096580068.641567,18253452807.717278,18447733356.270576,18638128688.80685,18723339549.303154,18773630247.03476,19013139936.768078
metal products except machinery and vehicles 25,0,0,0,0,0,0.0,0.0,0.0,0.0,0.0,0.0,0.0,0.0,0.0,0.0,0.0,0.0,0.0,0.0,0.0,0.0,0.0,0.0,0.0,0.0,0.0,0.0,0.0,0.0,0.0,0.0,0.0,0.0,0.0,0.0,0.0
computers and electronics 26,0,0,0,0,0,0.0,0.0,0.0,0.0,0.0,0.0,0.0,0.0,0.0,0.0,0.0,0.0,0.0,0.0,0.0,0.0,0.0,0.0,0.0,0.0,0.0,0.0,0.0,0.0,0.0,0.0,0.0,0.0,0.0,0.0,0.0
appliances and electrical equipment 27,0,0,0,0,0,0.0,0.0,0.0,0.0,0.0,0.0,0.0,0.0,0.0,0.0,0.0,0.0,0.0,0.0,0.0,0.0,0.0,0.0,0.0,0.0,0.0,0.0,0.0,0.0,0.0,0.0,0.0,0.0,0.0,0.0,0.0
other machinery 28,0,0,0,0,0,0.0,0.0,0.0,0.0,0.0,0.0,0.0,0.0,0.0,0.0,0.0,0.0,0.0,0.0,0.0,0.0,0.0,0.0,0.0,0.0,0.0,0.0,0.0,0.0,0.0,0.0,0.0,0.0,0.0,0.0,0.0
road vehicles 29,0,0,0,0,0,0.0,0.0,0.0,0.0,0.0,0.0,0.0,0.0,0.0,0.0,0.0,0.0,0.0,0.0,0.0,0.0,0.0,0.0,0.0,0.0,0.0,0.0,0.0,0.0,0.0,0.0,0.0,0.0,0.0,0.0,0.0
nonroad vehicles 30,0,0,0,0,0,0.0,0.0,0.0,0.0,0.0,0.0,0.0,0.0,0.0,0.0,0.0,0.0,0.0,0.0,0.0,0.0,0.0,0.0,0.0,0.0,0.0,0.0,0.0,0.0,0.0,0.0,0.0,0.0,0.0,0.0,0.0
other manufacturing 31T33,0,0,0,0,0,122722284239.6015,138222590435.70563,146994706331.9768,150751704538.2891,153591956878.62982,157891322334.6149,158447486414.66144,158960012741.55075,160216257661.3633,161283442562.48804,162711621876.83224,162674717069.08975,164119296780.8455,166880753166.2325,169684783803.77957,172880396156.16574,176369811088.77094,180551718244.3436,185324947804.8067,190806941943.97113,196230546459.2841,201646562659.60074,207538623334.71997,213777915771.74225,220010347462.81873,226859455535.32565,234231289364.80484,241613860909.89853,249707729325.70953,258251658682.86026,266809226834.82602
energy pipelines and gas processing 352T353,0,0,0,0,0,33959945408.81799,33660504504.306973,33755266453.341915,34002234499.45517,34262647803.10638,34305648623.223248,34211289704.634182,33914681074.09508,34200826571.373203,34071090382.621414,33830858819.076508,33696030656.39119,33694362437.49419,33909590249.072643,33627703765.19063,33352690067.42559,33271609114.258408,33439687912.686104,33658101654.706272,33893161969.452713,34127172179.46648,34245107902.453087,34431685318.27784,34731055931.06789,34911337314.14089,35099719669.28188,35383574237.854355,35648901466.25261,35871106614.856865,36062778302.43731,36440195594.21619
water and waste 36T39,0,0,0,0,0,227459535413.81253,230945711690.37964,234431887966.94724,237918064243.5149,241404240520.08215,244890416796.64966,248314340341.58063,251738263886.5112,255162187431.4418,258586110976.37286,262010034521.30353,265416738509.4053,268823442497.50684,272230146485.60852,275636850473.7101,279043554461.8121,282370272490.55853,285696990519.30536,289023708548.0519,292350426576.7987,295677144605.54553,298947276832.6309,302217409059.7167,305487541286.80237,308757673513.88794,312027805740.97363,315321625243.62384,318615444746.27423,321909264248.92456,325203083751.5749,328496903254.22504
construction 41T43,0,0,0,0,0,72325228948.2832,70084361992.13202,70075971769.59058,72053534148.5559,74343284859.4633,76310356608.62132,76985112024.64053,77644653461.26993,78288737439.55142,78916956477.77913,79528954129.13777,80124589516.0643,80703712457.7604,81265904840.25119,81810678110.78024,82337604852.13737,82846423776.31413,83336938983.75586,83808885730.96672,84262012564.78696,84696085309.49385,85111042829.54114,85506742652.52551,85882828863.24512,86238883347.72513,86574670335.40247,86890176801.74771,87185667224.44995,87461543503.27408,87718368085.24533,87956686405.75882
